F5	9606.ENSP00000354631
AR	9606.ENSP00000363822
PC	9606.ENSP00000347900
MT	9606.ENSP00000290429
TH	9606.ENSP00000370571
BF	9606.ENSP00000364604
IF	9606.ENSP00000369256
F3	9606.ENSP00000334145
FY	9606.ENSP00000357106
HIST2H2AA	9606.ENSP00000358155
TNFRSF10A	9606.ENSP00000370315
HIST2H2AC	9606.ENSP00000332194
HIST2H2BE	9606.ENSP00000336417
IFT140	9606.ENSP00000354895
DNAJC5	9606.ENSP00000358930
CYP2B6	9606.ENSP00000324648
RBPSUH	9606.ENSP00000354528
LRRC21	9606.ENSP00000361177
PDLIM4	9606.ENSP00000253754
CSN1S1	9606.ENSP00000246891
TRIOBP	9606.ENSP00000340312
MARCKS	9606.ENSP00000357624
DNASE1	9606.ENSP00000246949
PYCARD	9606.ENSP00000247470
NUDT11	9606.ENSP00000365160
RALBP1	9606.ENSP00000019317
EIF2C2	9606.ENSP00000367027
BCAP31	9606.ENSP00000343458
PRSS27	9606.ENSP00000306390
SFRS11	9606.ENSP00000359988
MAPK14	9606.ENSP00000229794
HOMER2	9606.ENSP00000305632
SLC4A3	9606.ENSP00000362867
BCL2L1	9606.ENSP00000365230
MYCBP2	9606.ENSP00000353197
ZNF143	9606.ENSP00000299606
UGT1A9	9606.ENSP00000362513
MRGPRF	9606.ENSP00000309782
OPN1MW	9606.ENSP00000358951
PTGER3	9606.ENSP00000359972
MAP3K8	9606.ENSP00000364477
CDKN2A	9606.ENSP00000355153
PRKAG3	9606.ENSP00000233944
BAIAP2	9606.ENSP00000316338
GAPDHS	9606.ENSP00000222286
IFT122	9606.ENSP00000296266
VPS13B	9606.ENSP00000351346
PAPSS1	9606.ENSP00000265174
CCHCR1	9606.ENSP00000365442
CYP3A4	9606.ENSP00000337915
CXCL10	9606.ENSP00000305651
CXCL12	9606.ENSP00000363548
SEPHS1	9606.ENSP00000367893
AKR1A1	9606.ENSP00000312606
UGT1A8	9606.ENSP00000362513
CXCL13	9606.ENSP00000286758
NFKBIA	9606.ENSP00000216797
LGALS1	9606.ENSP00000215909
PMAIP1	9606.ENSP00000269518
RNASE3	9606.ENSP00000302324
FANCD2	9606.ENSP00000287647
HMGCS2	9606.ENSP00000358414
AKR1B1	9606.ENSP00000285930
CYP1A1	9606.ENSP00000369050
C9orf3	9606.ENSP00000364464
LANCL1	9606.ENSP00000233714
TFAP2A	9606.ENSP00000368933
GPR151	9606.ENSP00000308733
SQSTM1	9606.ENSP00000292588
SLC4A1	9606.ENSP00000262418
HDHD1A	9606.ENSP00000370467
TWIST1	9606.ENSP00000242261
YME1L1	9606.ENSP00000318480
PTGER4	9606.ENSP00000371131
IGFBP3	9606.ENSP00000370473
PLA2G6	9606.ENSP00000333142
NSFL1C	9606.ENSP00000371068 outdated
METAP2	9606.ENSP00000325312
NDUFA2	9606.ENSP00000252102
PRKAB1	9606.ENSP00000229328
RNASE1	9606.ENSP00000344193
ERVWE1	9606.ENSP00000347321
S100A6	9606.ENSP00000357709
ATP1A3	9606.ENSP00000302397
DICER1	9606.ENSP00000343745
GNPDA1	9606.ENSP00000311876
FKBP1B	9606.ENSP00000238793
DPAGT1	9606.ENSP00000346142
CDKN1A	9606.ENSP00000362816 outdated
MAP4K4	9606.ENSP00000313644
GPRC6A	9606.ENSP00000309493
FBXL15	9606.ENSP00000358970
GPBAR1	9606.ENSP00000346936
PPARBP	9606.ENSP00000300651
PLA2G3	9606.ENSP00000215885
HSPA9B	9606.ENSP00000297185
PLA2G5	9606.ENSP00000364249
DYNLT1	9606.ENSP00000356056
CDK5R1	9606.ENSP00000318486
GOLGB1	9606.ENSP00000341848
UGT1A6	9606.ENSP00000362513
MAP2K1	9606.ENSP00000302486
PRKAA1	9606.ENSP00000346148
CYP2C9	9606.ENSP00000260682
CYP1A2	9606.ENSP00000342007
PIK3CB	9606.ENSP00000289153
PIK3CA	9606.ENSP00000263967
PIK3CG	9606.ENSP00000352121
CD3EAP	9606.ENSP00000310966
CYP2D6	9606.ENSP00000374621 outdated
CALML3	9606.ENSP00000369683
ITGA2B	9606.ENSP00000373728 outdated
UGT1A1	9606.ENSP00000362513
PICALM	9606.ENSP00000342095
OR2AG1	9606.ENSP00000307447
OR5AC2	9606.ENSP00000351466
PRKAA2	9606.ENSP00000360290
PAPSS2	9606.ENSP00000354436
HMGCS1	9606.ENSP00000322706
GNPTAB	9606.ENSP00000299314
TALDO1	9606.ENSP00000321259
LRSAM1	9606.ENSP00000322937
CYP2E1	9606.ENSP00000252945
KLHDC2	9606.ENSP00000298307
POU1F1	9606.ENSP00000342931
LGALS4	9606.ENSP00000302100
SLA	9606.ENSP00000337548
GSR	9606.ENSP00000221130
CD4	9606.ENSP00000011653
IL6	9606.ENSP00000258743
TNF	9606.ENSP00000365290 weird
CD9	9606.ENSP00000009180
ABR	9606.ENSP00000303909
PGF	9606.ENSP00000256315 outdated
LPO	9606.ENSP00000374227
GPT	9606.ENSP00000346821
INS	9606.ENSP00000370731
ALB	9606.ENSP00000370290
PAM	9606.ENSP00000306100
AVP	9606.ENSP00000369647
MYB	9606.ENSP00000339992
LOX	9606.ENSP00000231004
PGR	9606.ENSP00000325120
ADC	9606.ENSP00000362540
MPO	9606.ENSP00000344419
EPX	9606.ENSP00000225371
IL2	9606.ENSP00000226730
SKI	9606.ENSP00000367797
MT4	9606.ENSP00000219162
VTN	9606.ENSP00000226218
PTH	9606.ENSP00000282091
HAL	9606.ENSP00000353080
PRL	9606.ENSP00000302150
DCN	9606.ENSP00000052754
PZP	9606:ENSP00000261336
HBB	9606.ENSP00000292902
IL4	9606.ENSP00000231449
SPR	9606.ENSP00000234454
DBH	9606.ENSP00000263611
RGR	9606.ENSP00000350823
GAL	9606.ENSP00000265643	outdated
CA8	9606.ENSP00000314407
TYR	9606.ENSP00000263321
CRH	9606.ENSP00000276571
IL5	9606.ENSP00000231454
HRB	9606.ENSP00000312059
RIP	9606.ENSP00000312059
ME1	9606.ENSP00000358719
CAT	9606.ENSP00000241052
HRG	9606.ENSP00000232003
FAS	9606.ENSP00000360942
BAX	9606.ENSP00000293288
JUN	9606.ENSP00000314522
APP	9606.ENSP00000284981
PI3	9606.ENSP00000243924
ACE	9606.ENSP00000290866
ATM	9606.ENSP00000374163	outdated
DES	9606.ENSP00000273074	outdated
SRI	9606.ENSP00000265729
ELN	9606.ENSP00000351807
SP3	9606.ENSP00000310301
ABO	9606.ENSP00000313515
CPD	9606.ENSP00000225719
MCP	9606.ENSP00000313875
PF4	9606.ENSP00000296029
NPY	9606.ENSP00000242152
NES	9606.ENSP00000357206
CD2	
9606.ENSP00000357022
9606.ENSP00000237538
9606.ENSP00000357025
9606.ENSP00000352264
9606.ENSP00000358490
9606.ENSP00000369049
9606.ENSP00000368914
9606.ENSP00000357072
9606.ENSP00000304903
-1.CID000123164
CA1	9606.ENSP00000256119
NTS	9606.ENSP00000256010
CA4	9606.ENSP00000300900
BLM
9606.ENSP00000342583
9606.ENSP00000261714
9606.ENSP00000310356
9606.ENSP00000347232
-1.CID000072466
KDR
9606.ENSP00000364001
9606.ENSP00000370742
9606.ENSP00000352208
9606.ENSP00000357182
AGT
9606.ENSP00000231420
9606.ENSP00000302620
9606.ENSP00000355627
AFP
9606.ENSP00000226359
9606.ENSP00000304004
9606.ENSP00000366319
9606.ENSP00000268489
9606.ENSP00000331131
9606.ENSP00000373103
9606.ENSP00000314709
9606.ENSP00000250448
-1.CID000000718
TXN	9606.ENSP00000363641
MPZ	9606.ENSP00000356955
CD5
9606.ENSP00000342681
9606.ENSP00000357156
9606.ENSP00000259633
-1.CID000002514
PFC	9606.ENSP00000247153
DAF	9606.ENSP00000356030
GSN	9606.ENSP00000362924
SDS
9606.ENSP00000298841
9606.ENSP00000257549
9606.ENSP00000246868
-1.CID000008778
PTS	9606.ENSP00000280362
TSN	9606.ENSP00000374332
HK1
9606.ENSP00000360252
9606.ENSP00000328511
9606.ENSP00000301420
9606.ENSP00000348697
ADA	9606.ENSP00000361965
SP2
9606.ENSP00000339836
9606.ENSP00000365931
-1.CID010847392
MAG
9606.ENSP00000221481
9606.ENSP00000355094
9606.ENSP00000043402
9606.ENSP00000262624
-1.CID000096523
PLG	9606.ENSP00000308938
CPM	9606.ENSP00000339157
APC
9606.ENSP00000372415
9606.ENSP00000366576
9606.ENSP00000353238
9606.ENSP00000353871
9606.ENSP00000216968
9606.ENSP00000302625
9606.ENSP00000352323
9606.ENSP00000316845
9606.ENSP00000364721
9606.ENSP00000257430
9606.ENSP00000300249
9606.ENSP00000205948
9606.ENSP00000373709
9606.ENSP00000229758
9606.ENSP00000354916
9606.ENSP00000368914
9606.ENSP00000308450
9606.ENSP00000352676
-1.CID005327127
LSS	9606.ENSP00000348762
BPI	9606.ENSP00000262865
GSS
9606.ENSP00000368752
9606.ENSP00000216951
RB1
9606.ENSP00000318085
9606.ENSP00000301396
9606.ENSP00000225402
9606.ENSP00000367933
9606.ENSP00000345571
9606.ENSP00000025008
9606.ENSP00000267163
9606.ENSP00000305899
9606.ENSP00000355249
9606.ENSP00000255613
9606.ENSP00000355772
9606.ENSP00000222574
-1.CID016750071
TRH
9606.ENSP00000309818
9606.ENSP00000261180
9606.ENSP00000303452
-1.CID000032281
CIT
9606.ENSP00000286749
9606.ENSP00000261833
9606.ENSP00000353104
-1.CID001427545
RHD
9606.ENSP00000294413
9606.ENSP00000339577
-1.CID000444074
ANG
9606.ENSP00000356601
9606.ENSP00000297450
9606.ENSP00000336762
9606.ENSP00000371347
9606.ENSP00000355627
9606.ENSP00000372173
9606.ENSP00000360170
-1.CID000095201
REN9606.ENSP00000292450
9606.ENSP00000227251
9606.ENSP00000266589
9606.ENSP00000158762
9606.ENSP00000354878
9606.ENSP00000300896
9606.ENSP00000320337
9606.ENSP00000362918
9606.ENSP00000337598
9606.ENSP00000357283
9606.ENSP00000330813
9606.ENSP00000303507
9606.ENSP00000216218
9606.ENSP00000221899
9606.ENSP00000005226
9606.ENSP00000261758
9606.ENSP00000346196
9606.ENSP00000307746
9606.ENSP00000227157
9606.ENSP00000303015
9606.ENSP00000253571
9606.ENSP00000261772
9606.ENSP00000359977
9606.ENSP00000259154
9606.ENSP00000369111
9606.ENSP00000335153
9606.ENSP00000351646
9606.ENSP00000272190
9606.ENSP00000353887
9606.ENSP00000348110
9606.ENSP00000261535
9606.ENSP00000363661
9606.ENSP00000314030
9606.ENSP00000353560
9606.ENSP00000324856
9606.ENSP00000325785
9606.ENSP00000256379
9606.ENSP00000286788
9606.ENSP00000367570
9606.ENSP00000368759
9606.ENSP00000232165
9606.ENSP00000347190
9606.ENSP00000367923
9606.ENSP00000320940
9606.ENSP00000363761
9606.ENSP00000343054
9606.ENSP00000262477
9606.ENSP00000349096
9606.ENSP00000344655
9606.ENSP00000229319
9606.ENSP00000317714
9606.ENSP00000322419
9606.ENSP00000354528
9606.ENSP00000368363
9606.ENSP00000353046
LTA9606.ENSP00000228740
9606.ENSP00000228918
9606.ENSP00000295640
9606.ENSP00000372793
9606.ENSP00000372991
9606.ENSP00000365303
HGF9606.ENSP00000317272
9606.ENSP00000325431
9606.ENSP00000301244
9606.ENSP00000258743
9606.ENSP00000263879
9606.ENSP00000222390
9606.ENSP00000342098
9606.ENSP00000264755
9606.ENSP00000011619
EGF9606.ENSP00000294261
9606.ENSP00000373540
9606.ENSP00000265171
9606.ENSP00000368767
9606.ENSP00000361566
9606.ENSP00000319883
9606.ENSP00000324810
9606.ENSP00000307971
9606.ENSP00000262738
9606.ENSP00000295982
9606.ENSP00000322937
9606.ENSP00000354080
9606.ENSP00000312050
9606.ENSP00000352599
9606.ENSP00000272233
9606.ENSP00000289422
9606.ENSP00000337386
9606.ENSP00000332223
9606.ENSP00000356635
9606.ENSP00000365351
9606.ENSP00000277010
9606.ENSP00000263856
9606.ENSP00000295400
9606.ENSP00000347555
9606.ENSP00000369483
9606.ENSP00000270202
9606.ENSP00000275493
9606.ENSP00000342235
9606.ENSP00000271332
9606.ENSP00000309953
9606.ENSP00000299612
9606.ENSP00000348982
9606.ENSP00000307843
9606.ENSP00000251268
9606.ENSP00000331473
9606.ENSP00000363040
9606.ENSP00000281172
9606.ENSP00000347596
9606.ENSP00000312946
9606.ENSP00000253673
9606.ENSP00000222725
9606.ENSP00000310658
9606.ENSP00000346964
9606.ENSP00000359778
9606.ENSP00000370814
9606.ENSP00000276420
9606.ENSP00000274938
9606.ENSP00000372315
9606.ENSP00000331732
9606.ENSP00000317817
9606.ENSP00000352084
9606.ENSP00000356155
9606.ENSP00000217185
9606.ENSP00000265970
9606.ENSP00000272771
9606.ENSP00000334186
9606.ENSP00000262995
9606.ENSP00000264992
9606.ENSP00000269571
9606.ENSP00000364902
9606.ENSP00000341818
9606.ENSP00000240123
9606.ENSP00000237253
9606.ENSP00000367919
9606.ENSP00000312143
9606.ENSP00000230990
9606.ENSP00000267620
9606.ENSP00000268150
9606.ENSP00000354823
9606.ENSP00000364013
9606.ENSP00000373244
DBT9606.ENSP00000359151
-1.CID005288033
MYC9606.ENSP00000331152
9606.ENSP00000368933
9606.ENSP00000287394
9606.ENSP00000364885
9606.ENSP00000332706
9606.ENSP00000294904
9606.ENSP00000371407
9606.ENSP00000322016
9606.ENSP00000313362
9606.ENSP00000323184
9606.ENSP00000263239
9606.ENSP00000310831
9606.ENSP00000328251
9606.ENSP00000344823
9606.ENSP00000349503
9606.ENSP00000243346
9606.ENSP00000334188
9606.ENSP00000305259
9606.ENSP00000316114
9606.ENSP00000374186
9606.ENSP00000360060
9606.ENSP00000275523
9606.ENSP00000263046
9606.ENSP00000351745
9606.ENSP00000353197
9606.ENSP00000337889
9606.ENSP00000296597
9606.ENSP00000367207
9606.ENSP00000284165
9606.ENSP00000348578
9606.ENSP00000374586
9606.ENSP00000264010
9606.ENSP00000290341
9606.ENSP00000365572
9606.ENSP00000328004
9606.ENSP00000319977
9606.ENSP00000352925
9606.ENSP00000264670
9606.ENSP00000306968
9606.ENSP00000366746
9606.ENSP00000353622
9606.ENSP00000316779
9606.ENSP00000359803
9606.ENSP00000281043
9606.ENSP00000335376
9606.ENSP00000298728
9606.ENSP00000361529
9606.ENSP00000230431
9606.ENSP00000371352
9606.ENSP00000307720
9606.ENSP00000263904
9606.ENSP00000265872
9606.ENSP00000008391
9606.ENSP00000264444
9606.ENSP00000369131
9606.ENSP00000201031
9606.ENSP00000362332
9606.ENSP00000356214
9606.ENSP00000343396
9606.ENSP00000344742
9606.ENSP00000348523
9606.ENSP00000361857
-1.CID005281672
THH9606.ENSP00000357794
-1.CID000000146
LYZ9606.ENSP00000261267
SRM9606.ENSP00000217188
9606.ENSP00000366156
-1.CID011963784
PGD9606.ENSP00000360684
9606.ENSP00000303424
9606.ENSP00000366262
9606.ENSP00000358417
9606.ENSP00000295256
-1.CID000445112
SYP9606.ENSP00000263233
AHR9606.ENSP00000234701
9606.ENSP00000323816
9606.ENSP00000279146
9606.ENSP00000242057
-1.CID000000993
ZAK9606.ENSP00000304268
9606.ENSP00000364361
IL89606.ENSP00000008180
9606.ENSP00000346586
9606.ENSP00000287143
9606.ENSP00000258526
9606.ENSP00000306512
9606.ENSP00000311280
EPO9606.ENSP00000356076
9606.ENSP00000222139
9606.ENSP00000225371
9606.ENSP00000253050
9606.ENSP00000252723
9606.ENSP00000218388
-1.CID004474778
GH19606.ENSP00000333157
9606.ENSP00000312673
RHO9606.ENSP00000337560
9606.ENSP00000249014
9606.ENSP00000363921
9606.ENSP00000371897
9606.ENSP00000308461
9606.ENSP00000229606
9606.ENSP00000356992
9606.ENSP00000324820
9606.ENSP00000222792
9606.ENSP00000300901
9606.ENSP00000238738
9606.ENSP00000243967
9606.ENSP00000350018
9606.ENSP00000328115
9606.ENSP00000372420
9606.ENSP00000373950
9606.ENSP00000338258
9606.ENSP00000357177
9606.ENSP00000340297
9606.ENSP00000296731
9606.ENSP00000233330
9606.ENSP00000328118
9606.ENSP00000239440
9606.ENSP00000351132
9606.ENSP00000364886
9606.ENSP00000272233
9606.ENSP00000317985
9606.ENSP00000360672
9606.ENSP00000296271
9606.ENSP00000228945
9606.ENSP00000371417
9606.ENSP00000301200
9606.ENSP00000266482
9606.ENSP00000356142
9606.ENSP00000368321
9606.ENSP00000289968
9606.ENSP00000260283
9606.ENSP00000249601
9606.ENSP00000319831
9606.ENSP00000289013
9606.ENSP00000308576
9606.ENSP00000267205
9606.ENSP00000343325
9606.ENSP00000314032
9606.ENSP00000295497
9606.ENSP00000355283
9606.ENSP00000316729
9606.ENSP00000295381
9606.ENSP00000264042
9606.ENSP00000344446
9606.ENSP00000286827
9606.ENSP00000311436
9606.ENSP00000280333
9606.ENSP00000343144
9606.ENSP00000279249
9606.ENSP00000371547
9606.ENSP00000337023
9606.ENSP00000358647
9606.ENSP00000359610
9606.ENSP00000365604
9606.ENSP00000365572
9606.ENSP00000225973
9606.ENSP00000344852
9606.ENSP00000250617
9606.ENSP00000290470
9606.ENSP00000347710
9606.ENSP00000365771
9606.ENSP00000247170
9606.ENSP00000354718
9606.ENSP00000311656
9606.ENSP00000360020
9606.ENSP00000345808
9606.ENSP00000313506
9606.ENSP00000312185
9606.ENSP00000303163
9606.ENSP00000364893
9606.ENSP00000341071
9606.ENSP00000285046
9606.ENSP00000373347
9606.ENSP00000278568
9606.ENSP00000364770
9606.ENSP00000006951
9606.ENSP00000353275
9606.ENSP00000290246
9606.ENSP00000320434
9606.ENSP00000316845
9606.ENSP00000352995
9606.ENSP00000262444
9606.ENSP00000315334
9606.ENSP00000353849
9606.ENSP00000295713
9606.ENSP00000355060
9606.ENSP00000340594
9606.ENSP00000341489
9606.ENSP00000219255
9606.ENSP00000261833
9606.ENSP00000359045
9606.ENSP00000354544
9606.ENSP00000274498
9606.ENSP00000275189
9606.ENSP00000261535
9606.ENSP00000364631
9606.ENSP00000347198
9606.ENSP00000286494
9606.ENSP00000338785
9606.ENSP00000317258
9606.ENSP00000310491
9606.ENSP00000258201
9606.ENSP00000336923
9606.ENSP00000352332
9606.ENSP00000269321
9606.ENSP00000362635
9606.ENSP00000270747
9606.ENSP00000356033
9606.ENSP00000056217
9606.ENSP00000253401
9606.ENSP00000362279
9606.ENSP00000371255
9606.ENSP00000371219
9606.ENSP00000321971
9606.ENSP00000354077
9606.ENSP00000349056
9606.ENSP00000310561
9606.ENSP00000254260
9606.ENSP00000357298
9606.ENSP00000367394
9606.ENSP00000366121
9606.ENSP00000358463
9606.ENSP00000364277
9606.ENSP00000338967
9606.ENSP00000367629
9606.ENSP00000353109
9606.ENSP00000347134
9606.ENSP00000367141
9606.ENSP00000350595
9606.ENSP00000339467
9606.ENSP00000276211
9606.ENSP00000365891
9606.ENSP00000369181
9606.ENSP00000251822
9606.ENSP00000340742
9606.ENSP00000317786
9606.ENSP00000373709
9606.ENSP00000263674
-1.CID005289288
ERF9606.ENSP00000222329
9606.ENSP00000337386
9606.ENSP00000353741
9606.ENSP00000356811
9606.ENSP00000201031
9606.ENSP00000367919
TNC9606.ENSP00000265131
9606.ENSP00000367316
9606.ENSP00000232975
-1.CID003379973
DDC9606.ENSP00000357656
9606.ENSP00000286749
9606.ENSP00000339928
9606.ENSP00000256722
-1.CID000001890
PTN9606.ENSP00000341170
-1.CID000023939
CR19606.ENSP00000356017
9606.ENSP00000296145
-1.CID000445722
SAG9606.ENSP00000252857
9606.ENSP00000273480
-1.CID000131682
SRC9606.ENSP00000313859
9606.ENSP00000252244
9606.ENSP00000348828
9606.ENSP00000374249
9606.ENSP00000308782
9606.ENSP00000261884
9606.ENSP00000346279
9606.ENSP00000350018
9606.ENSP00000277165
9606.ENSP00000353402
9606.ENSP00000344591
9606.ENSP00000343901
9606.ENSP00000301396
9606.ENSP00000264554
9606.ENSP00000349977
9606.ENSP00000321514
9606.ENSP00000360683
9606.ENSP00000290894
9606.ENSP00000228741
9606.ENSP00000338171
9606.ENSP00000347276
9606.ENSP00000296129
9606.ENSP00000281156
9606.ENSP00000327509
9606.ENSP00000262866
9606.ENSP00000365745
9606.ENSP00000352513
9606.ENSP00000337548
9606.ENSP00000303042
9606.ENSP00000216733
9606.ENSP00000295797
9606.ENSP00000220003
9606.ENSP00000367141
9606.ENSP00000364995
9606.ENSP00000357432
9606.ENSP00000320940
9606.ENSP00000309597
9606.ENSP00000373709
9606.ENSP00000369049
9606.ENSP00000361063
9606.ENSP00000275493
9606.ENSP00000362659
9606.ENSP00000224337
9606.ENSP00000005587
9606.ENSP00000273183
9606.ENSP00000354823
BCR9606.ENSP00000265404
9606.ENSP00000339826
9606.ENSP00000270632
9606.ENSP00000264414
9606.ENSP00000356943
9606.ENSP00000340177
9606.ENSP00000368412
9606.ENSP00000305355
9606.ENSP00000221972
9606.ENSP00000006750
9606.ENSP00000303507
9606.ENSP00000364898
9606.ENSP00000351497
9606.ENSP00000368759
9606.ENSP00000343458
9606.ENSP00000264122
9606.ENSP00000296414
9606.ENSP00000309521
9606.ENSP00000276420
9606.ENSP00000253688
9606.ENSP00000224337
9606.ENSP00000005587
9606.ENSP00000344881
9606.ENSP00000320509
9606.ENSP00000226951
9606.ENSP00000356186
-1.CID000000573
FOS9606.ENSP00000306245
9606.ENSP00000366184
9606.ENSP00000352612
9606.ENSP00000261951
9606.ENSP00000344903
9606.ENSP00000357225
9606.ENSP00000322542
9606.ENSP00000222305
9606.ENSP00000265354
9606.ENSP00000318635
9606.ENSP00000358546
9606.ENSP00000297904
9606.ENSP00000374051
9606.ENSP00000304769
9606.ENSP00000264073
9606.ENSP00000310170
9606.ENSP00000226382
9606.ENSP00000264716
9606.ENSP00000361708
9606.ENSP00000313007
9606.ENSP00000350369
9606.ENSP00000228741
-1.CID000001950
CPE9606.ENSP00000250392
9606.ENSP00000297926
9606.ENSP00000265085
9606.ENSP00000265997
9606.ENSP00000371838
9606.ENSP00000342445
9606.ENSP00000261722
9606.ENSP00000261510
LXN9606.ENSP00000264265
SRY9606.ENSP00000372547
9606.ENSP00000191922
-1.CID000005297
ZFY9606.ENSP00000155093
PYY9606.ENSP00000363431
9606.ENSP00000353198
9606.ENSP00000354652
9606.ENSP00000332591
9606.ENSP00000290426
9606.ENSP00000365247
VWF9606.ENSP00000364042
9606.ENSP00000303942
9606.ENSP00000261405
9606.ENSP00000329380
9606.ENSP00000319286
9606.ENSP00000360997
VIM9606.ENSP00000224237
9606.ENSP00000305603
9606.ENSP00000351602
9606.ENSP00000252675
POR9606.ENSP00000322304
9606.ENSP00000265302
-1.CID011303063
RPE9606.ENSP00000297354
9606.ENSP00000352401
9606.ENSP00000314992
9606.ENSP00000350823
-1.CID006323497
PBP9606.ENSP00000266037
9606.ENSP00000300651
9606.ENSP00000296028
9606.ENSP00000262304
9606.ENSP00000261313
-1.CID000007466
ND29606.ENSP00000355046
-1.CID000123329
ALK9606.ENSP00000373781
9606.ENSP00000257963
9606.ENSP00000361107
9606.ENSP00000332656
9606.ENSP00000263640
9606.ENSP00000243349
9606.ENSP00000323583
9606.ENSP00000373700
9606.ENSP00000267008
LEP9606.ENSP00000360100
9606.ENSP00000312652
PDC9606.ENSP00000273077
9606.ENSP00000342033
-1.CID000011243
LTB9606.ENSP00000365285
9606.ENSP00000372985
9606.ENSP00000228740
9606.ENSP00000011989
9606.ENSP00000228918
9606.ENSP00000372788
9606.ENSP00000295640
9606.ENSP00000365303
9606.ENSP00000221700
SST9606.ENSP00000287641
NF29606.ENSP00000335652
9606.ENSP00000350975
-1.CID000138039
CRP9606.ENSP00000346417
9606.ENSP00000356275
9606.ENSP00000255030
-1.CID000153847
DMN9606.ENSP00000336775
-1.CID000001374
DAP9606.ENSP00000363014
9606.ENSP00000341692
9606.ENSP00000301264
9606.ENSP00000263955
9606.ENSP00000319192
9606.ENSP00000261891
9606.ENSP00000363101
9606.ENSP00000353702
9606.ENSP00000340281
9606.ENSP00000354791
9606.ENSP00000316377
9606.ENSP00000240652
9606.ENSP00000365095
9606.ENSP00000350614
9606.ENSP00000355607
9606.ENSP00000362444
-1.CID000008861
ADK9606.ENSP00000286621
-1.CID000001673
IPP9606.ENSP00000361090
9606.ENSP00000282841
9606.ENSP00000321810
9606.ENSP00000277517
9606.ENSP00000328178
9606.ENSP00000370748
9606.ENSP00000325423
9606.ENSP00000257905
-1.CID000444595
GLS9606.ENSP00000317379
9606.ENSP00000310447
-1.CID000482116
GHR9606.ENSP00000230882
BGN9606.ENSP00000342318
-1.CID000228030
APS9606.ENSP00000368933
9606.ENSP00000351926
9606.ENSP00000299980
9606.ENSP00000347043
9606.ENSP00000350199
9606.ENSP00000369248
9606.ENSP00000218758
9606.ENSP00000314522
9606.ENSP00000216366
9606.ENSP00000174653
9606.ENSP00000347408
9606.ENSP00000252818
9606.ENSP00000243643
9606.ENSP00000345524
9606.ENSP00000354436
9606.ENSP00000350075
9606.ENSP00000261842
9606.ENSP00000261722
9606.ENSP00000265174
9606.ENSP00000364464
9606.ENSP00000314151
9606.ENSP00000354911
9606.ENSP00000325727
9606.ENSP00000025469
9606.ENSP00000307087
9606.ENSP00000327694
9606.ENSP00000352157
9606.ENSP00000005279
9606.ENSP00000314414
9606.ENSP00000232165
9606.ENSP00000358584
9606.ENSP00000307634
9606.ENSP00000362332
9606.ENSP00000261652
9606.ENSP00000295640
9606.ENSP00000261214
9606.ENSP00000301042
9606.ENSP00000263270
9606.ENSP00000349687
9606.ENSP00000292807
9606.ENSP00000204517
9606.ENSP00000346591
9606.ENSP00000347170
9606.ENSP00000352603
9606.ENSP00000243440
9606.ENSP00000344055
9606.ENSP00000364126
9606.ENSP00000325369
9606.ENSP00000353757
9606.ENSP00000250244
9606.ENSP00000371493
9606.ENSP00000299207
9606.ENSP00000357155
9606.ENSP00000263046
9606.ENSP00000316454
9606.ENSP00000286639
9606.ENSP00000363965
9606.ENSP00000216714
9606.ENSP00000369645
9606.ENSP00000300912
9606.ENSP00000291439
9606.ENSP00000267569
9606.ENSP00000008391
9606.ENSP00000201031
9606.ENSP00000336666
9606.ENSP00000363291
9606.ENSP00000255194
9606.ENSP00000306561
-1.CID000000228
CEL9606.ENSP00000360942
9606.ENSP00000352514
9606.ENSP00000361151
-1.CID000002662
MPI9606.ENSP00000318318
9606.ENSP00000342082
-1.CID000078960
RFP9606.ENSP00000266119
9606.ENSP00000366404
9606.ENSP00000340191
9606.ENSP00000332284
-1.CID005381226
ERG9606.ENSP00000262186
9606.ENSP00000357965
9606.ENSP00000288319
-1.CID000005996
UNG9606.ENSP00000242576
-1.CID005288777
NF19606.ENSP00000342859
9606.ENSP00000332655
9606.ENSP00000351015
9606.ENSP00000264826
9606.ENSP00000349002
9606.ENSP00000229304
9606.ENSP00000360233
9606.ENSP00000310897
9606.ENSP00000370324
9606.ENSP00000327627
TTR9606.ENSP00000237014
9606.ENSP00000302630
9606.ENSP00000371786
-1.CID000853608
AFM9606.ENSP00000226355
DPT9606.ENSP00000356791
-1.CID000006091
NMU9606.ENSP00000264218
9606.ENSP00000305877
9606.ENSP00000255262
-1.CID000012001
CA29606.ENSP00000285379
-1.CID006102758
GNS9606.ENSP00000258145
-1.CID000000489
TAT9606.ENSP00000348234
9606.ENSP00000296702
9606.ENSP00000261900
9606.ENSP00000294409
9606.ENSP00000293379
9606.ENSP00000359673
9606.ENSP00000370742
9606.ENSP00000263253
9606.ENSP00000225916
9606.ENSP00000262259
9606.ENSP00000298852
9606.ENSP00000238349
9606.ENSP00000364042
9606.ENSP00000365564
9606.ENSP00000266987
9606.ENSP00000319104
9606.ENSP00000263754
9606.ENSP00000157812
9606.ENSP00000228284
9606.ENSP00000359094
9606.ENSP00000292644
9606.ENSP00000322788
9606.ENSP00000349317
9606.ENSP00000344925
9606.ENSP00000252444
9606.ENSP00000340330
9606.ENSP00000257724
9606.ENSP00000040877
-1.CID016217242
MAL9606.ENSP00000347847
9606.ENSP00000279992
9606.ENSP00000272462
9606.ENSP00000310880
9606.ENSP00000358799
9606.ENSP00000278193
9606.ENSP00000261203
9606.ENSP00000221459
9606.ENSP00000283635
-1.CID000000096
GPI9606.ENSP00000331751
9606.ENSP00000356702
9606.ENSP00000300658
9606.ENSP00000250693
9606.ENSP00000350263
9606.ENSP00000296333
9606.ENSP00000346809
9606.ENSP00000369820
9606.ENSP00000362498
9606.ENSP00000230036
9606.ENSP00000279036
9606.ENSP00000338251
9606.ENSP00000352876
9606.ENSP00000372494
9606.ENSP00000359848
9606.ENSP00000333293
9606.ENSP00000217446
9606.ENSP00000205948
9606.ENSP00000361667
9606.ENSP00000339382
9606.ENSP00000271552
9606.ENSP00000026218
9606.ENSP00000281382
9606.ENSP00000225609
9606.ENSP00000340329
9606.ENSP00000226432
9606.ENSP00000278243
9606.ENSP00000347206
9606.ENSP00000290866
9606.ENSP00000216452
9606.ENSP00000164305
9606.ENSP00000348877
9606.ENSP00000311876
9606.ENSP00000238138
9606.ENSP00000244333
9606.ENSP00000332313
9606.ENSP00000309430
9606.ENSP00000363262
-1.CID000003504
ND19606.ENSP00000354687
9606.ENSP00000356468
-1.CID000023330
TTL9606.ENSP00000233336
-1.CID006420129
VIP9606.ENSP00000356213
9606.ENSP00000360662
9606.ENSP00000291440
9606.ENSP00000327246
9606.ENSP00000262178
-1.CID016133234
SCT9606.ENSP00000295956
9606.ENSP00000019103
9606.ENSP00000176195
-1.CID000447628
MPG9606.ENSP00000219431
-1.CID000073394
SLC25A219606.ENSP00000329452
SERPINF29606.ENSP00000371493
C6orf1089606.ENSP00000230431
MARCKSL19606.ENSP00000362638
PNLIPRP19606.ENSP00000351695
PLA2G12A9606.ENSP00000243501
SERPINB29606.ENSP00000299502
MPHOSPH69606.ENSP00000258169
SERPINA19606.ENSP00000348068
SERPINE19606.ENSP00000360034
9606.ENSP00000308944
9606.ENSP00000266503
9606.ENSP00000223095
PPP1R14B9606.ENSP00000310117
KIAA01019606.ENSP00000300035
HIST1H3C9606.ENSP00000244661
9606.ENSP00000353783
9606.ENSP00000352252
SERPINC19606.ENSP00000356671
SERPIND19606.ENSP00000215727
SLC25A109606.ENSP00000328403
PNLIPRP29606.ENSP00000298771
SIGLEC129606.ENSP00000291707
HLA-DRB19606.ENSP00000372734
9606.ENSP00000363930
9606.ENSP00000302517
9606.ENSP00000372607
9606.ENSP00000331343
9606.ENSP00000364114
9606.ENSP00000353099
9606.ENSP00000372602
9606.ENSP00000339469
9606.ENSP00000372606
NDUFAB19606.ENSP00000290429
9606.ENSP00000007516
CEACAM59606.ENSP00000221992
MAPKAP19606.ENSP00000362597
C1orf489606.ENSP00000355944
CYP2C199606.ENSP00000360372
TBL1XR19606.ENSP00000263964
PCDHB169606.ENSP00000354293
GABARAP9606.ENSP00000322159
9606.ENSP00000311318
9606.ENSP00000361328
9606.ENSP00000336547
9606.ENSP00000306866
9606.ENSP00000283290
9606.ENSP00000346437
TNFSF119606.ENSP00000297581
9606.ENSP00000239849
SCGB1A19606.ENSP00000367064
9606.ENSP00000278282
CYSLTR29606.ENSP00000282018
SLC26A49606.ENSP00000265715
GPR172A9606.ENSP00000333638
SLC16A19606.ENSP00000333769
9606.ENSP00000358640
SMARCA29606.ENSP00000265773
S100A139606.ENSP00000357688
BCL2L119606.ENSP00000361458
9606.ENSP00000350311
C19orf29606.ENSP00000312530
EIF2AK29606.ENSP00000365991
9606.ENSP00000346837
9606.ENSP00000318176
9606.ENSP00000368453
TXNDC109606.ENSP00000299608
MAP3K149606.ENSP00000342059
9606.ENSP00000359424
9606.ENSP00000363779
PLA2G1B9606.ENSP00000312286
LDHAL6B9606.ENSP00000302393
PLA2G4A9606.ENSP00000371886
9606.ENSP00000356436
PLA2G2A9606.ENSP00000364252
SULT2A19606.ENSP00000222002
AKR1B109606.ENSP00000352584
PLA2G2E9606.ENSP00000364257
LDHAL6A9606.ENSP00000280706
DYNC1H19606.ENSP00000351750
PLA2G2F9606.ENSP00000364243
GPR172B9606.ENSP00000352629
MRGPRX39606.ENSP00000314065
MRGPRX49606.ENSP00000314042
MRGPRX19606.ENSP00000305766
ZNFN1A19606.ENSP00000331614
CYP27A19606.ENSP00000258415
PLA2G4C9606.ENSP00000346228
PLA2G2D9606.ENSP00000364246
ST8SIA29606.ENSP00000268164
PLA2G109606.ENSP00000261659
RASGRP39606.ENSP00000337281
TNFSF109606.ENSP00000298894
9606.ENSP00000352323
9606.ENSP00000372198
PRKAR1A9606.ENSP00000351410
MAP3K109606.ENSP00000284637
9606.ENSP00000253055
ALDH3A29606.ENSP00000345774
S100A129606.ENSP00000357726
CYP2C189606.ENSP00000285979
PPP1R1B9606.ENSP00000254079
B4GALT19606.ENSP00000369055
PIK3C2A9606.ENSP00000265970
SLC11A19606.ENSP00000233202
KIR2DL29606.ENSP00000342999
9606.ENSP00000325525
TSPAN319606.ENSP00000257910
SEC14L29606.ENSP00000316203
CEACAM39606.ENSP00000349971
9606.ENSP00000187608
ALDH5A19606.ENSP00000314649
RPS6KB29606.ENSP00000308413
ADAMTS29606.ENSP00000362304
9606.ENSP00000251582
CEACAM79606.ENSP00000006724
NDRG19606.ENSP00000319977
HMOX19606.ENSP00000216117
9606.ENSP00000235372
LGR69606.ENSP00000356247
PSMD49606.ENSP00000357876
CHAT9606.ENSP00000317817
9606.ENSP00000337103
-1.CID000062258
SOAT19606.ENSP00000356591
IGHE9606.ENSP00000374982
9606.ENSP00000263620
NFKB19606.ENSP00000292588
9606.ENSP00000361458
9606.ENSP00000359206
9606.ENSP00000314556
9606.ENSP00000321203
9606.ENSP00000252015
9606.ENSP00000226574
9606.ENSP00000263437
9606.ENSP00000371231
9606.ENSP00000366841
9606.ENSP00000265094
9606.ENSP00000308236
MUC19606.ENSP00000309968
9606.ENSP00000315835
9606.ENSP00000275493
9606.ENSP00000331602
9606.ENSP00000357372
9606.ENSP00000324806
PTGS29606.ENSP00000356253
9606.ENSP00000356438
NOS2A9606.ENSP00000327251
DGKI9606.ENSP00000288490
SOD19606.ENSP00000342667
9606.ENSP00000307870
9606.ENSP00000270142
9606.ENSP00000334960
9606.ENSP00000265522
PRSS29606.ENSP00000312576
PRSS39606.ENSP00000354280
9606.ENSP00000290968
PRSS19606.ENSP00000308720
9606.ENSP00000290968
9606.ENSP00000312576
MAOA9606.ENSP00000348523
9606.ENSP00000340684
-1.CID000006292
MAOB9606.ENSP00000367309
ESR29606.ENSP00000360138
9606.ENSP00000343925
9606.ENSP00000290231
MAPK19606.ENSP00000339958
9606.ENSP00000339605
9606.ENSP00000279992
9606.ENSP00000309116
9606.ENSP00000256261
9606.ENSP00000215832
9606.ENSP00000262445
CASP39606.ENSP00000356984
9606.ENSP00000311032
9606.ENSP00000293288
9606.ENSP00000262710
ESR19606.ENSP00000327213
9606.ENSP00000357341
9606.ENSP00000301067
9606.ENSP00000352137
9606.ENSP00000328773
9606.ENSP00000293771
9606.ENSP00000356196
9606.ENSP00000355712
9606.ENSP00000360138
9606.ENSP00000206249
9606.ENSP00000287394
9606.ENSP00000358953
9606.ENSP00000343925
9606.ENSP00000311550
9606.ENSP00000290231
HEPH9606.ENSP00000343939
IL1B9606.ENSP00000327763
9606.ENSP00000344166
9606.ENSP00000269280
9606.ENSP00000329568
9606.ENSP00000263437
9606.ENSP00000263341
9606.ENSP00000242261
9606.ENSP00000364858
AADAC9606.ENSP00000232892
CCL59606.ENSP00000349967
9606.ENSP00000225840
9606.ENSP00000369213
9606.ENSP00000350852
9606.ENSP00000293272
AMD19606.ENSP00000357880
PTPRF9606.ENSP00000299492
9606.ENSP00000339299
9606.ENSP00000327416
9606.ENSP00000335614
9606.ENSP00000314724
9606.ENSP00000253925
9606.ENSP00000356209
9606.ENSP00000361491
GGPS19606.ENSP00000282841
FDPS9606.ENSP00000357340
PPA19606.ENSP00000362329
GLUD19606.ENSP00000277865
PPA29606.ENSP00000349996
PRDX69606.ENSP00000342026
9606.ENSP00000265462
9606.ENSP00000246104
CEBPZ9606.ENSP00000368423
9606.ENSP00000340671
UGDH9606.ENSP00000371259
H6PD9606.ENSP00000054661
GLUL9606.ENSP00000356537
PRTN39606.ENSP00000234347
CALCR9606.ENSP00000353385
PRF19606.ENSP00000290163
9606.ENSP00000362305
9606.ENSP00000311280
PREP9606.ENSP00000358106
9606.ENSP00000298282
9606.ENSP00000291547
-1.CID000027982
CD1C9606.ENSP00000357151
CD1B9606.ENSP00000357150
CD1A9606.ENSP00000357153
9606.ENSP00000357151
9606.ENSP00000357149
9606.ENSP00000357150
9606.ENSP00000289429
ACHE9606.ENSP00000350037
9606.ENSP00000373298
9606.ENSP00000363609
9606.ENSP00000337103
9606.ENSP00000320948
TP73L9606.ENSP00000264731
LDHC9606.ENSP00000280704
ZAP709606.ENSP00000264972
9606.ENSP00000262866
9606.ENSP00000337548
ARG29606.ENSP00000261783
APLP29606.ENSP00000263574
CD8A9606.ENSP00000319960
9606.ENSP00000283635
IDH29606.ENSP00000331897
IDH19606.ENSP00000260985
IGF19606.ENSP00000275732
9606.ENSP00000302665
9606.ENSP00000266671
9606.ENSP00000261883
9606.ENSP00000268035
9606.ENSP00000362667
9606.ENSP00000352232
MAT1A9606.ENSP00000361287
ACAT19606.ENSP00000265838
9606.ENSP00000356591
PRLR9606.ENSP00000317835
POMC9606.ENSP00000356795
9606.ENSP00000370171
9606.ENSP00000308024
IFNG9606.ENSP00000370976
9606.ENSP00000354415
9606.ENSP00000262878
9606.ENSP00000345341
9606.ENSP00000262354
9606.ENSP00000229135
SCN5A9606.ENSP00000226105
9606.ENSP00000328968
PRNP9606.ENSP00000368752
OTOR9606.ENSP00000246081
MSX29606.ENSP00000239243
9606.ENSP00000364912
FBN19606.ENSP00000373738
MCF29606.ENSP00000311656
9606.ENSP00000359610
9606.ENSP00000364758
G6PD9606.ENSP00000291567
PPYR19606.ENSP00000363431
DGKD9606.ENSP00000264057
ELK39606.ENSP00000328813
9606.ENSP00000228741
NGFB9606.ENSP00000256637
9606.ENSP00000358525
NQO19606.ENSP00000282111
9606.ENSP00000319788
CRYGC9606.ENSP00000282141
PNMA29606.ENSP00000305039
DNAI19606.ENSP00000242317
PPGB9606.ENSP00000361562
MGAM9606.ENSP00000316431
ADH1B9606.ENSP00000306606
STIP19606.ENSP00000351646
9606.ENSP00000219548
9606.ENSP00000350967
C1QL19606.ENSP00000253407
MEG39606.ENSP00000327348
BCL29606.ENSP00000329623
9606.ENSP00000328088
9606.ENSP00000360498
9606.ENSP00000353878
9606.ENSP00000353294
9606.ENSP00000260442
9606.ENSP00000246933
9606.ENSP00000224112
9606.ENSP00000338814
9606.ENSP00000353560
9606.ENSP00000313171
9606.ENSP00000350311
9606.ENSP00000359727
9606.ENSP00000357625
9606.ENSP00000293288
9606.ENSP00000367050
9606.ENSP00000357927
9606.ENSP00000309103
9606.ENSP00000327048
9606.ENSP00000287322
9606.ENSP00000222308
9606.ENSP00000356058
-1.CID000139621
IL109606.ENSP00000361458
9606.ENSP00000290200
9606.ENSP00000227752
9606.ENSP00000262354
9606.ENSP00000356066
PTGS19606.ENSP00000354612
LDHB9606.ENSP00000229319
MYO69606.ENSP00000358994
MCL19606.ENSP00000262854
9606.ENSP00000358022
9606.ENSP00000269518
NR2E39606.ENSP00000317199
PLEK9606.ENSP00000234313
RIPK19606.ENSP00000248244
9606.ENSP00000321203
9606.ENSP00000369773
MAP49606.ENSP00000335347
9606.ENSP00000353375
-1.CID001795542
IGHM9606.ENSP00000375000
9606.ENSP00000375004
9606.ENSP00000374990
9606.ENSP00000375005
GSTP19606.ENSP00000196968
VCAM19606.ENSP00000264741
9606.ENSP00000233573
9606.ENSP00000267082
9606.ENSP00000294728
9606.ENSP00000268297
PEO19606.ENSP00000309595
EDNRA9606.ENSP00000315011
CALD19606.ENSP00000354826
CD839606.ENSP00000368450
RUNX29606.ENSP00000287239
9606.ENSP00000352514
9606.ENSP00000324064
9606.ENSP00000265713
DPEP19606.ENSP00000261615
IGF29606.ENSP00000370783
9606.ENSP00000359854
9606.ENSP00000215640
9606.ENSP00000371410
9606.ENSP00000290341
9606.ENSP00000371634
9606.ENSP00000254231
9606.ENSP00000268035
CASP99606.ENSP00000330237
9606.ENSP00000263268
PARP19606.ENSP00000355759
NR5A19606.ENSP00000224073
9606.ENSP00000293771
9606.ENSP00000362690
GDF159606.ENSP00000252809
COPS29606.ENSP00000299259
RBL29606.ENSP00000305899
9606.ENSP00000255613
9606.ENSP00000262133
9606.ENSP00000368686
TIMP19606.ENSP00000353612
9606.ENSP00000218388
TDGF39606.ENSP00000296145
ATN19606.ENSP00000349076
EMP19606.ENSP00000256951
MSLN9606.ENSP00000372313
TNP19606.ENSP00000236979
RRM19606.ENSP00000251810
9606.ENSP00000300738
POLG9606.ENSP00000309595
9606.ENSP00000317618
9606.ENSP00000268124
CCT49606.ENSP00000233836
PNLIP9606.ENSP00000358223
SYN19606.ENSP00000295987
MMP19606.ENSP00000325431
9606.ENSP00000321650
9606.ENSP00000243440
9606.ENSP00000322788
9606.ENSP00000353612
9606.ENSP00000357175
9606.ENSP00000334170
CRYZ9606.ENSP00000339399
MAPK89606.ENSP00000370842
9606.ENSP00000301200
9606.ENSP00000309597
9606.ENSP00000266482
9606.ENSP00000300574
9606.ENSP00000279387
9606.ENSP00000262445
9606.ENSP00000363291
9606.ENSP00000233954
9606.ENSP00000284637
9606.ENSP00000368887
HMGB19606.ENSP00000255320
9606.ENSP00000345347
-1.CID003496889
NR3C19606.ENSP00000327213
9606.ENSP00000253024
9606.ENSP00000328773
9606.ENSP00000293771
9606.ENSP00000356814
9606.ENSP00000292077
9606.ENSP00000360138
9606.ENSP00000356836
9606.ENSP00000231509
9606.ENSP00000320866
9606.ENSP00000318635
MAPK39606.ENSP00000339605
9606.ENSP00000279992
9606.ENSP00000256261
9606.ENSP00000309597
9606.ENSP00000262445
9606.ENSP00000263025
9606.ENSP00000339958
9606.ENSP00000357089
9606.ENSP00000368124
ERBB29606.ENSP00000347423
9606.ENSP00000368691
9606.ENSP00000289422
9606.ENSP00000303071
9606.ENSP00000269571
9606.ENSP00000230768
9606.ENSP00000331732
9606.ENSP00000310771
9606.ENSP00000317322
9606.ENSP00000354823
FASN9606.ENSP00000363777
9606.ENSP00000278618
LDLR9606.ENSP00000363458
9606.ENSP00000252444
9606.ENSP00000260197
PDIA69606.ENSP00000371011
HCFC19606.ENSP00000260058
9606.ENSP00000248089
9606.ENSP00000224024
9606.ENSP00000309555
IFT809606.ENSP00000353301
PDIA59606.ENSP00000323313
ACTG19606.ENSP00000331514
KRT59606.ENSP00000293774
9606.ENSP00000252242
PRSS79606.ENSP00000284885
FRAP19606.ENSP00000307305
9606.ENSP00000307272
9606.ENSP00000354587
9606.ENSP00000301724
9606.ENSP00000354830
9606.ENSP00000301068
NSMAF9606.ENSP00000038176
MMP39606.ENSP00000321650
9606.ENSP00000352463
9606.ENSP00000299855
9606.ENSP00000353612
SPDEF9606.ENSP00000363149
TIMP39606.ENSP00000266085
TERT9606.ENSP00000355261
9606.ENSP00000349640
9606.ENSP00000257829
9606.ENSP00000263073
9606.ENSP00000309572
9606.ENSP00000374265
9606.ENSP00000368856
9606.ENSP00000270176
CD339606.ENSP00000353071
9606.ENSP00000222107
9606.ENSP00000374126
9606.ENSP00000262262
CPSF49606.ENSP00000292476
PAG19606.ENSP00000220597
TP539606.ENSP00000372415
9606.ENSP00000263551
9606.ENSP00000371479
9606.ENSP00000356641
9606.ENSP00000323822
9606.ENSP00000306682
9606.ENSP00000314946
9606.ENSP00000372023
9606.ENSP00000353560
9606.ENSP00000323246
9606.ENSP00000301281
9606.ENSP00000342105
9606.ENSP00000179259
9606.ENSP00000269305
9606.ENSP00000276072
9606.ENSP00000361811
9606.ENSP00000304997
9606.ENSP00000200453
9606.ENSP00000286122
9606.ENSP00000291823
9606.ENSP00000202556
9606.ENSP00000346412
9606.ENSP00000251810
9606.ENSP00000301727
9606.ENSP00000265603
9606.ENSP00000357051
9606.ENSP00000346490
9606.ENSP00000361186
9606.ENSP00000301905
9606.ENSP00000371310
9606.ENSP00000265348
MATN19606.ENSP00000362870
IFNB19606.ENSP00000302523
LGMN9606.ENSP00000334052
CD689606.ENSP00000369867
HOOK19606.ENSP00000360252
PROC9606.ENSP00000234071
CSTB9606.ENSP00000291568
ICAM19606.ENSP00000266643
9606.ENSP00000235332
9606.ENSP00000264832
9606.ENSP00000349252
9606.ENSP00000356085
9606.ENSP00000347279
9606.ENSP00000287497
CALR9606.ENSP00000320866
GTF3A9606.ENSP00000370532
GAD19606.ENSP00000350928
ALOX59606.ENSP00000363512
PLAUR9606.ENSP00000339328
CDH19606.ENSP00000221926
9606.ENSP00000268794
9606.ENSP00000339153
9606.ENSP00000222597
FBN29606.ENSP00000262464
DHFR9606.ENSP00000343033
MYO1F9606.ENSP00000304899
ETV59606.ENSP00000374208
SIL19606.ENSP00000265195
CALM39606.ENSP00000291295
9606.ENSP00000272298
9606.ENSP00000349467
MYO5C9606.ENSP00000261839
TYMS9606.ENSP00000315644
MYO9B9606.ENSP00000314032
ABCB69606.ENSP00000363166
MYO1E9606.ENSP00000288235
LPHN29606.ENSP00000359760
FBP19606.ENSP00000364475
MYO5B9606.ENSP00000285039
COCH9606.ENSP00000216361
9606.ENSP00000304286
CROT9606.ENSP00000331981
UMOD9606.ENSP00000306279
GNAS9606.ENSP00000302237
9606.ENSP00000325941
TLR19606.ENSP00000354932
MDH29606.ENSP00000327070
SORD9606.ENSP00000267814
CALCA9606.ENSP00000331746
PVALB9606.ENSP00000352835
9606.ENSP00000216200
CHIT19606.ENSP00000356198
RGMA9606.ENSP00000330005
BIRC49606.ENSP00000254867
9606.ENSP00000360242
TNNI39606.ENSP00000359928
9606.ENSP00000341838
LDHA9606.ENSP00000227157
PHEX9606.ENSP00000368682
IFT889606.ENSP00000351802
IFT529606.ENSP00000362130
GAPDH9606.ENSP00000222286
9606.ENSP00000229239
IFT819606.ENSP00000242591
PTGDS9606.ENSP00000360684
IFT749606.ENSP00000369402
LYST9606.ENSP00000371308
9606.ENSP00000369614
9606.ENSP00000288937
9606.ENSP00000272000
ODC19606.ENSP00000329452
9606.ENSP00000234111
TLR69606.ENSP00000371376
ETFA9606.ENSP00000267950
TPPP9606.ENSP00000353785
SGCB9606.ENSP00000295211
ARSF9606.ENSP00000352319
FSCN39606.ENSP00000373406
PTPN19606.ENSP00000360683
TPSG19606.ENSP00000234798
PLAU9606.ENSP00000361848
GLS29606.ENSP00000310447
NOS39606.ENSP00000318921
9606.ENSP00000343497
9606.ENSP00000341992
9606.ENSP00000297494
CTSD9606.ENSP00000299373
9606.ENSP00000236671
COTL19606.ENSP00000262428
CMA19606.ENSP00000250378
TBCA9606.ENSP00000369736
LIAS9606.ENSP00000261434
CSRP19606.ENSP00000356275
CCL29606.ENSP00000349967
9606.ENSP00000225840
9606.ENSP00000225831
9606.ENSP00000362174
9606.ENSP00000245544
9606.ENSP00000249887
-1.CID006432145
SNTB19606.ENSP00000341890
A1BG9606.ENSP00000263100
GYPA9606.ENSP00000354003
9606.ENSP00000283128
9606.ENSP00000351430
ABCC19606.ENSP00000263013
RPS4X9606.ENSP00000362744
ABCB19606.ENSP00000265724
CD699606.ENSP00000228434
MCPH19606.ENSP00000342924
P4HB9606.ENSP00000327801
CCL49606.ENSP00000250151
9606.ENSP00000367593
-1.CID000005943
CXCL99606.ENSP00000362795
9606.ENSP00000354901
FAAH9606.ENSP00000219368
9606.ENSP00000243167
IL4I19606.ENSP00000342557
MMP139606.ENSP00000339672
KLK159606.ENSP00000314783
TBX49606.ENSP00000240335
PRND9606.ENSP00000306900
LGI19606.ENSP00000360472
9606.ENSP00000312273
9606.ENSP00000302297
9606.ENSP00000282970
MAS19606.ENSP00000252660
9606.ENSP00000373041
9606.ENSP00000366331
9606.ENSP00000373139
MGST39606.ENSP00000356860
GPX49606.ENSP00000346103
9606.ENSP00000353329
DMC19606.ENSP00000240488
9606.ENSP00000306761
9606.ENSP00000216024
9606.ENSP00000253789
HSPA49606.ENSP00000302961
REM19606.ENSP00000201979
MMRN19606.ENSP00000264790
CD869606.ENSP00000303939
9606.ENSP00000274056
9606.ENSP00000363511
9606.ENSP00000332049
9606.ENSP00000215555
MLL29606.ENSP00000301067
9606.ENSP00000222270
CD409606.ENSP00000327344
9606.ENSP00000263437
9606.ENSP00000332468
9606.ENSP00000359663
9606.ENSP00000279061
9606.ENSP00000259075
RHCE9606.ENSP00000294413
9606.ENSP00000339577
ITGB29606.ENSP00000347279
EDN19606.ENSP00000368683
9606.ENSP00000249601
UGP29606.ENSP00000338703
GFER9606.ENSP00000248114
ARNTL9606.ENSP00000263762
9606.ENSP00000256172
9606.ENSP00000008527
IL1A9606.ENSP00000263339
VEGF9606.ENSP00000263734
9606.ENSP00000364001
9606.ENSP00000352565
9606.ENSP00000361099
9606.ENSP00000271331
9606.ENSP00000357182
9606.ENSP00000297450
9606.ENSP00000370742
9606.ENSP00000311127
9606.ENSP00000352208
9606.ENSP00000297904
9606.ENSP00000297494
9606.ENSP00000353582
9606.ENSP00000280193
9606.ENSP00000372173
9606.ENSP00000282397
GRAP29606.ENSP00000309521
9606.ENSP00000339186
SACS9606.ENSP00000344322
9606.ENSP00000283201
9606.ENSP00000306627
9606.ENSP00000230124
9606.ENSP00000367064
9606.ENSP00000302851
9606.ENSP00000371735
9606.ENSP00000252951
MUC29606.ENSP00000351956
9606.ENSP00000314500
9606.ENSP00000259056
9606.ENSP00000364150
9606.ENSP00000348668
9606.ENSP00000233685
SGCG9606.ENSP00000218867
CSRP39606.ENSP00000265968
CHUK9606.ENSP00000362887
9606.ENSP00000359424
9606.ENSP00000264777
PPARA9606.ENSP00000356223
9606.ENSP00000262735
9606.ENSP00000219084
9606.ENSP00000349616
9606.ENSP00000252889
9606.ENSP00000350016
GSTZ19606.ENSP00000216465
IL179606.ENSP00000344192
9606.ENSP00000349365
9606.ENSP00000221847
STAT19606.ENSP00000368699
9606.ENSP00000351935
9606.ENSP00000315768
9606.ENSP00000371676
9606.ENSP00000371189
9606.ENSP00000222139
9606.ENSP00000243346
9606.ENSP00000354394
9606.ENSP00000263379
9606.ENSP00000349977
9606.ENSP00000366234
SFRS19606.ENSP00000370114
9606.ENSP00000352254
9606.ENSP00000365457
9606.ENSP00000337679
9606.ENSP00000334538
9606.ENSP00000339450
SHBG9606.ENSP00000250080
ABP19606.ENSP00000258780
9606.ENSP00000373621
ENPP29606.ENSP00000259486
CXCR49606.ENSP00000272928
9606.ENSP00000241393
FSCN29606.ENSP00000334665
PPT19606.ENSP00000361865
PES19606.ENSP00000334612
TPT19606.ENSP00000324208
9606.ENSP00000339051
CAPG9606.ENSP00000263867
9606.ENSP00000371670
FXYD19606.ENSP00000343314
CNDP29606.ENSP00000325548
QPCT9606.ENSP00000344829
GHRH9606.ENSP00000320180
9606.ENSP00000304331
9606.ENSP00000237527
SLPI9606.ENSP00000342082
CREB19606.ENSP00000359164
9606.ENSP00000236996
9606.ENSP00000345001
9606.ENSP00000305873
9606.ENSP00000282356
9606.ENSP00000268184
9606.ENSP00000339179
9606.ENSP00000333055
9606.ENSP00000312741
9606.ENSP00000224073
9606.ENSP00000368124
9606.ENSP00000354861
NAT19606.ENSP00000219833
9606.ENSP00000350133
9606.ENSP00000340281
9606.ENSP00000349002
PKD19606.ENSP00000237596
9606.ENSP00000262304
TRPV19606.ENSP00000371338
9606.ENSP00000174621
9606.ENSP00000342799
ELF49606.ENSP00000268058
9606.ENSP00000311280
TGFB19606.ENSP00000204005
9606.ENSP00000266031
9606.ENSP00000200453
9606.ENSP00000301873
9606.ENSP00000221930
9606.ENSP00000287097
9606.ENSP00000346467
9606.ENSP00000294241
9606.ENSP00000367316
9606.ENSP00000261883
9606.ENSP00000346291
9606.ENSP00000356791
ARCN19606.ENSP00000352385
ARSI9606.ENSP00000333395
CCL279606.ENSP00000259631
HIP29606.ENSP00000373625
9606.ENSP00000356480
9606.ENSP00000259050
CART9606.ENSP00000315417
9606.ENSP00000296777
CDC29606.ENSP00000265801
9606.ENSP00000262266
9606.ENSP00000335357
9606.ENSP00000181839
9606.ENSP00000366390
9606.ENSP00000314946
9606.ENSP00000368664
9606.ENSP00000357907
9606.ENSP00000262031
9606.ENSP00000351298
9606.ENSP00000303706
9606.ENSP00000294904
9606.ENSP00000362917
9606.ENSP00000360944
9606.ENSP00000245960
9606.ENSP00000321656
9606.ENSP00000299613
9606.ENSP00000253339
9606.ENSP00000262300
9606.ENSP00000300647
9606.ENSP00000250707
CDK29606.ENSP00000335357
9606.ENSP00000256925
9606.ENSP00000301488
9606.ENSP00000366390
9606.ENSP00000261692
9606.ENSP00000228872
9606.ENSP00000266970
9606.ENSP00000374532
9606.ENSP00000348486
9606.ENSP00000303706
9606.ENSP00000351298
9606.ENSP00000256443
9606.ENSP00000357748
9606.ENSP00000261245
9606.ENSP00000278865
9606.ENSP00000282412
9606.ENSP00000369447
9606.ENSP00000286878
9606.ENSP00000250707
FASLG9606.ENSP00000360942
9606.ENSP00000356694
TPI19606.ENSP00000371705
HMGB29606.ENSP00000296503
CTGF9606.ENSP00000361959
9606.ENSP00000356954
ACOX19606.ENSP00000301608
MYL49606.ENSP00000347055
FKBP29606.ENSP00000310935
LIPG9606.ENSP00000261292
SOD39606.ENSP00000226877
SOD29606.ENSP00000337127
TRIT19606.ENSP00000321810
HNF4A9606.ENSP00000343807
ARSA9606.ENSP00000349887
9606.ENSP00000373356
9606.ENSP00000348406
IL189606.ENSP00000264497
9606.ENSP00000280357
9606.ENSP00000269280
ERCC89606.ENSP00000265038
ACSL59606.ENSP00000348429
NPPA9606.ENSP00000365663
9606.ENSP00000265074
9606.ENSP00000311452
-1.CID000128898
ASAHL9606.ENSP00000286733
ASNS9606.ENSP00000280700
9606.ENSP00000296255
9606.ENSP00000250498
9606.ENSP00000266579
9606.ENSP00000175506
9606.ENSP00000313164
9606.ENSP00000264595
9606.ENSP00000364188
9606.ENSP00000287706
9606.ENSP00000360643
9606.ENSP00000351568
9606.ENSP00000368767
9606.ENSP00000295770
9606.ENSP00000345904
9606.ENSP00000357451
9606.ENSP00000363452
9606.ENSP00000358465
RRAD9606.ENSP00000299759
AKT39606.ENSP00000348611
9606.ENSP00000263826
9606.ENSP00000216612
CNR29606.ENSP00000363596
9606.ENSP00000289630
AKT19606.ENSP00000307305
9606.ENSP00000354587
9606.ENSP00000371701
9606.ENSP00000342644
9606.ENSP00000354830
9606.ENSP00000348197
9606.ENSP00000355058
9606.ENSP00000262719
9606.ENSP00000347852
9606.ENSP00000368144
9606.ENSP00000247066
9606.ENSP00000304604
9606.ENSP00000300245
9606.ENSP00000341698
9606.ENSP00000270202
9606.ENSP00000348611
9606.ENSP00000362597
9606.ENSP00000357804
9606.ENSP00000216612
9606.ENSP00000349959
AKT29606.ENSP00000355058
9606.ENSP00000309428
9606.ENSP00000348197
9606.ENSP00000216612
CNR19606.ENSP00000358511
9606.ENSP00000263655
9606.ENSP00000349344
KIF229606.ENSP00000160827
HMGCR9606.ENSP00000287936
9606.ENSP00000340010
9606.ENSP00000340310
DFFA9606.ENSP00000373329
9606.ENSP00000366237
9606.ENSP00000339344
9606.ENSP00000258807
TNNC19606.ENSP00000232975
9606.ENSP00000341838
MYO5A9606.ENSP00000301972
9606.ENSP00000264605
9606.ENSP00000350945
RAC19606.ENSP00000349971
9606.ENSP00000278568
9606.ENSP00000264051
9606.ENSP00000324549
9606.ENSP00000319831
9606.ENSP00000274364
9606.ENSP00000309871
9606.ENSP00000370719
9606.ENSP00000366494
9606.ENSP00000348461
9606.ENSP00000264245
9606.ENSP00000303507
9606.ENSP00000316845
9606.ENSP00000264042
9606.ENSP00000352995
9606.ENSP00000262444
9606.ENSP00000315334
9606.ENSP00000310561
9606.ENSP00000256935
9606.ENSP00000357883
9606.ENSP00000335333
9606.ENSP00000286827
9606.ENSP00000353849
9606.ENSP00000262940
9606.ENSP00000364585
9606.ENSP00000366121
9606.ENSP00000359610
9606.ENSP00000239440
9606.ENSP00000261833
9606.ENSP00000363727
9606.ENSP00000344852
9606.ENSP00000250617
9606.ENSP00000290470
9606.ENSP00000288368
9606.ENSP00000286494
9606.ENSP00000205135
9606.ENSP00000359073
9606.ENSP00000369572
9606.ENSP00000296642
9606.ENSP00000309219
9606.ENSP00000011684
9606.ENSP00000340742
9606.ENSP00000356142
9606.ENSP00000347792
9606.ENSP00000019317
9606.ENSP00000364893
9606.ENSP00000301724
9606.ENSP00000316338
9606.ENSP00000254584
9606.ENSP00000373347
9606.ENSP00000249601
9606.ENSP00000364758
GOT29606.ENSP00000245206
PDIA49606.ENSP00000286091
PDIA39606.ENSP00000300289
GOT19606.ENSP00000229314
9606.ENSP00000359539
9606.ENSP00000356160
PDIA29606.ENSP00000219406
PPOX9606.ENSP00000343943
9606.ENSP00000293330
GAST9606.ENSP00000331358
COMT9606.ENSP00000207636
NT5C9606.ENSP00000245552
TACR19606.ENSP00000303522
PADI19606.ENSP00000364620
HLA-E9606.ENSP00000240618
9606.ENSP00000335294
9606.ENSP00000371333
9606.ENSP00000352064
9606.ENSP00000372943
9606.ENSP00000365815
9606.ENSP00000373091
9606.ENSP00000371327
9606.ENSP00000371328
GYPC9606.ENSP00000259254
KNG19606.ENSP00000265023
NUDT69606.ENSP00000306070
BDNF9606.ENSP00000277010
9606.ENSP00000256637
9606.ENSP00000344223
9606.ENSP00000365387
9606.ENSP00000352232
9606.ENSP00000351486
9606.ENSP00000320002
9606.ENSP00000172229
L1CAM9606.ENSP00000359075
SDC19606.ENSP00000370542
DSC39606.ENSP00000280904
9606.ENSP00000374196
ERAF9606.ENSP00000307199
ACACA9606.ENSP00000344789
9606.ENSP00000350283
CSN29606.ENSP00000299259
9606.ENSP00000341030
ABI39606.ENSP00000225941
ABL19606.ENSP00000347852
9606.ENSP00000361423
9606.ENSP00000279101
9606.ENSP00000256925
9606.ENSP00000347555
9606.ENSP00000350294
9606.ENSP00000295851
9606.ENSP00000368914
9606.ENSP00000350018
9606.ENSP00000310406
SPG79606.ENSP00000268704
SMPD29606.ENSP00000258052
ING19606.ENSP00000364929
CD149606.ENSP00000304236
9606.ENSP00000363089
9606.ENSP00000217407
9606.ENSP00000252102
TBL1X9606.ENSP00000217964
DGKE9606.ENSP00000284061
CSF29606.ENSP00000311280
9606.ENSP00000296871
-1.CID000521081
NAGLU9606.ENSP00000225927
OBP2A9606.ENSP00000342097
9606.ENSP00000361104
COX29606.ENSP00000295890
9606.ENSP00000356438
9606.ENSP00000354876
9606.ENSP00000252785
SHFM19606.ENSP00000248566
TPH19606.ENSP00000343550
CSN39606.ENSP00000327144
9606.ENSP00000304822
GGT19606.ENSP00000215938
9606.ENSP00000248923
MAPT9606.ENSP00000340820
AGPS9606.ENSP00000291572
9606.ENSP00000259396
9606.ENSP00000337463
9606.ENSP00000314036
9606.ENSP00000360761
9606.ENSP00000372634
9606.ENSP00000285518
9606.ENSP00000317300
9606.ENSP00000372782
9606.ENSP00000363213
9606.ENSP00000264167
9606.ENSP00000289657
GNRHR9606.ENSP00000226413
AGC19606.ENSP00000268134
9606.ENSP00000308927
PAICS9606.ENSP00000264221
ABCD19606.ENSP00000218104
MC2R9606.ENSP00000333821
9606.ENSP00000306697
CORT9606.ENSP00000317110
CSF39606.ENSP00000342623
9606.ENSP00000225474
SGPL19606.ENSP00000299297
FTMT9606.ENSP00000313691
CTSG9606.ENSP00000216336
TAL19606.ENSP00000360950
KRT79606.ENSP00000329243
SARDH9606.ENSP00000360938
CA109606.ENSP00000340363
GLB19606.ENSP00000306920
SDHB9606.ENSP00000364649
CCNB19606.ENSP00000373781
9606.ENSP00000370233
9606.ENSP00000265872
GYPE9606.ENSP00000351430
ERCC29606.ENSP00000221481
ANXA59606.ENSP00000296511
PPIL19606.ENSP00000362803
DGAT19606.ENSP00000332258
FKBP99606.ENSP00000242209
9606.ENSP00000238793
9606.ENSP00000373659
FKBP59606.ENSP00000362984
FKBP69606.ENSP00000252037
9606.ENSP00000275590
FKBP49606.ENSP00000001008
FKBP79606.ENSP00000233092
FKBP39606.ENSP00000216330
TIE19606.ENSP00000361554
TNS19606.ENSP00000171887
C4BPA9606.ENSP00000356037
PRDX29606.ENSP00000246104
9606.ENSP00000301522
FGF49606.ENSP00000323588
9606.ENSP00000300177
9606.ENSP00000259915
9606.ENSP00000168712
DGKZ9606.ENSP00000320340
TNP29606.ENSP00000325738
CCND19606.ENSP00000349955
9606.ENSP00000287394
9606.ENSP00000227507
IKBKB9606.ENSP00000348619
9606.ENSP00000265026
9606.ENSP00000264777
9606.ENSP00000339151
CDK49606.ENSP00000360826
9606.ENSP00000350633
9606.ENSP00000335357
9606.ENSP00000257904
9606.ENSP00000261245
9606.ENSP00000360365
9606.ENSP00000307356
9606.ENSP00000228872
9606.ENSP00000369447
9606.ENSP00000337056
9606.ENSP00000250707
9606.ENSP00000276925
MMP99606.ENSP00000325431
9606.ENSP00000361405
EDG79606.ENSP00000359643
OXER19606.ENSP00000294971
MALT19606.ENSP00000319279
9606.ENSP00000271015
BACE29606.ENSP00000332979
FZD49606.ENSP00000264634
9606.ENSP00000311581
9606.ENSP00000367301
PPBP9606.ENSP00000296028
-1.CID000098514
MLYCD9606.ENSP00000262430
HBS1L9606.ENSP00000356811
ST189606.ENSP00000276480
PORCN9606.ENSP00000322304
EGFR9606.ENSP00000282358
9606.ENSP00000373844
9606.ENSP00000344967
9606.ENSP00000285279
9606.ENSP00000265171
9606.ENSP00000330375
9606.ENSP00000347555
9606.ENSP00000368539
9606.ENSP00000284273
9606.ENSP00000317327
9606.ENSP00000353013
9606.ENSP00000369049
9606.ENSP00000275493
9606.ENSP00000270279
9606.ENSP00000371341
9606.ENSP00000244815
9606.ENSP00000353319
9606.ENSP00000302913
9606.ENSP00000347581
9606.ENSP00000360798
ABCB79606.ENSP00000253577
NR1H29606.ENSP00000253727
DGKQ9606.ENSP00000273814
CLK19606.ENSP00000322316
9606.ENSP00000326830
9606.ENSP00000221455
GCLC9606.ENSP00000229416
SMPD19606.ENSP00000347707
9606.ENSP00000369262
9606.ENSP00000340409
CTSL9606.ENSP00000299373
9606.ENSP00000365073
9606.ENSP00000371068
AMY2B9606.ENSP00000354610
9606.ENSP00000306915
CD2009606.ENSP00000373177
9606.ENSP00000373179
9606.ENSP00000311035
LMNA9606.ENSP00000357283
EPB419606.ENSP00000345259
GGT29606.ENSP00000249062
9606.ENSP00000248923
DGKB9606.ENSP00000258767
TFF19606.ENSP00000291527
GYPB9606.ENSP00000354003
9606.ENSP00000283128
9606.ENSP00000351430
TBX59606.ENSP00000309913
NANS9606.ENSP00000210444
BCS1L9606.ENSP00000352219
MKL19606.ENSP00000358799
9606.ENSP00000311436
9606.ENSP00000347847
KCNA49606.ENSP00000328511
ACO19606.ENSP00000309477
ACACB9606.ENSP00000341044
CCR59606.ENSP00000250151
9606.ENSP00000292303
9606.ENSP00000367597
9606.ENSP00000225245
9606.ENSP00000293272
SMOX9606.ENSP00000368773
RFP29606.ENSP00000367425
NR1I39606.ENSP00000356958
CXADR9606.ENSP00000348635
9606.ENSP00000284878
RNF79606.ENSP00000273480
TPSB29606.ENSP00000372254
9606.ENSP00000349627
IARS9606.ENSP00000364811
9606.ENSP00000332533
PDCD89606.ENSP00000287295
CASP89606.ENSP00000343458
9606.ENSP00000312455
9606.ENSP00000357055
9606.ENSP00000336972
9606.ENSP00000363706
9606.ENSP00000326170
9606.ENSP00000264538
9606.ENSP00000368412
9606.ENSP00000220751
9606.ENSP00000237177
9606.ENSP00000351273
9606.ENSP00000346850
9606.ENSP00000356058
IBSP9606.ENSP00000226284
THRSP9606.ENSP00000281030
GFAP9606.ENSP00000253408
9606.ENSP00000005286
FBS19606.ENSP00000346240
9606.ENSP00000287468
MMP29606.ENSP00000242465
9606.ENSP00000219070
ENO29606.ENSP00000229277
FBXO89606.ENSP00000349445
SRMS9606.ENSP00000217188
IKBKE9606.ENSP00000354777
9606.ENSP00000259075
9606.ENSP00000356087
9606.ENSP00000358541
ACIN19606.ENSP00000262710
MDM49606.ENSP00000302537
9606.ENSP00000356151
NOS19606.ENSP00000330485
9606.ENSP00000295987
9606.ENSP00000320758
9606.ENSP00000355133
9606.ENSP00000343497
SNRPE9606.ENSP00000356177
CCL39606.ENSP00000225245
-1.CID000122980
CAST19606.ENSP00000373226
RYR19606.ENSP00000305632
9606.ENSP00000352608
9606.ENSP00000334382
9606.ENSP00000348150
APOA19606.ENSP00000367064
9606.ENSP00000263094
9606.ENSP00000364469
CAST9606.ENSP00000373226
9606.ENSP00000310966
9606.ENSP00000339914
-1.CID000002592
NCAM19606.ENSP00000318472
BMP29606.ENSP00000318650
9606.ENSP00000304930
9606.ENSP00000262383
9606.ENSP00000230122
9606.ENSP00000341274
9606.ENSP00000362587
9606.ENSP00000368104
9606.ENSP00000351446
9606.ENSP00000354794
9606.ENSP00000166139
LIPE9606.ENSP00000244289
LRP19606.ENSP00000243077
9606.ENSP00000283937
9606.ENSP00000352047
TLR49606.ENSP00000256447
9606.ENSP00000348619
9606.ENSP00000279992
9606.ENSP00000321203
9606.ENSP00000230568
9606.ENSP00000371960
9606.ENSP00000284818
9606.ENSP00000248244
9606.ENSP00000304236
9606.ENSP00000368351
9606.ENSP00000363089
9606.ENSP00000262932
9606.ENSP00000338945
9606.ENSP00000364477
BZRP9606.ENSP00000338004
LAP39606.ENSP00000298700
9606.ENSP00000241393
9606.ENSP00000226299
USH1G9606.ENSP00000320076
MEFV9606.ENSP00000219596
SQLE9606.ENSP00000265896
PSEN19606.ENSP00000281708
9606.ENSP00000366513
9606.ENSP00000365576
9606.ENSP00000326366
DGKG9606.ENSP00000265022
APRT9606.ENSP00000373424
ETF19606.ENSP00000365148
9606.ENSP00000353741
DGKA9606.ENSP00000328405
DAPK19606.ENSP00000365095
9606.ENSP00000261537
SGCD9606.ENSP00000338343
IL2RA9606.ENSP00000358482
9606.ENSP00000369293
NR1I29606.ENSP00000336528
ZNF799606.ENSP00000362446
PTK2B9606.ENSP00000332816
9606.ENSP00000313169
TITF19606.ENSP00000353918
AMY2A9606.ENSP00000306915
HTR2A9606.ENSP00000367959
HSPCA9606.ENSP00000351646
9606.ENSP00000319956
9606.ENSP00000335153
GLO19606.ENSP00000362463
FECH9606.ENSP00000372326
INSR9606.ENSP00000303830
9606.ENSP00000268035
GNLY9606.ENSP00000263863
KLK39606.ENSP00000314151
9606.ENSP00000264690
HTR1A9606.ENSP00000316244
9606.ENSP00000313601
LIPA9606.ENSP00000360895
9606.ENSP00000303070
9606.ENSP00000361151
PRPF39606.ENSP00000315379
RDBP9606.ENSP00000364578
9606.ENSP00000362362
9606.ENSP00000372660
ITGAL9606.ENSP00000349252
9606.ENSP00000338171
ALX49606.ENSP00000332744
COASY9606.ENSP00000163059
PSMD89606.ENSP00000215071
MPST9606.ENSP00000342333
CYLD9606.ENSP00000308928
RPN19606.ENSP00000296255
9606.ENSP00000310129
LARS9606.ENSP00000339299
9606.ENSP00000253925
9606.ENSP00000274562
9606.ENSP00000347106
9606.ENSP00000361491
APOE9606.ENSP00000365081
9606.ENSP00000321334
9606.ENSP00000369812
9606.ENSP00000364494
9606.ENSP00000317674
9606.ENSP00000252491
9606.ENSP00000372198
9606.ENSP00000252486
9606.ENSP00000345179
9606.ENSP00000360942
9606.ENSP00000350314
9606.ENSP00000227665
9606.ENSP00000311037
9606.ENSP00000352601
9606.ENSP00000364469
9606.ENSP00000338387
9606.ENSP00000302021
9606.ENSP00000233242
9606.ENSP00000205948
9606.ENSP00000327669
9606.ENSP00000303634
9606.ENSP00000227666
9606.ENSP00000252489
9606.ENSP00000372930
9606.ENSP00000366977
9606.ENSP00000372735
9606.ENSP00000356969
PCK29606.ENSP00000216780
LIPC9606.ENSP00000299022
LIPF9606.ENSP00000238983
PSMD69606.ENSP00000295901
PCK19606.ENSP00000319814
PKM29606.ENSP00000373744
ARG19606.ENSP00000271064
9606.ENSP00000349446
NMUR29606.ENSP00000255262
AMY1A9606.ENSP00000307372
9606.ENSP00000359097
H2AFX9606.ENSP00000364310
9606.ENSP00000372879
9606.ENSP00000295862
HTR79606.ENSP00000360786
CENPJ9606.ENSP00000371308
ALAD9606.ENSP00000363288
PROM19606.ENSP00000265014
HIF1A9606.ENSP00000361721
9606.ENSP00000315637
9606.ENSP00000301694
9606.ENSP00000338018
9606.ENSP00000242796
9606.ENSP00000263317
9606.ENSP00000359221
9606.ENSP00000299163
9606.ENSP00000366898
9606.ENSP00000363377
9606.ENSP00000256474
9606.ENSP00000359032
BUB39606.ENSP00000357858
9606.ENSP00000302530
TLR29606.ENSP00000260010
9606.ENSP00000371376
9606.ENSP00000354932
9606.ENSP00000284818
9606.ENSP00000302569
ABAT9606.ENSP00000268251
CCL79606.ENSP00000349967
9606.ENSP00000225840
9606.ENSP00000367832
OR6C39606.ENSP00000368989
SFTPD9606.ENSP00000357911
9606.ENSP00000361366
CAPN19606.ENSP00000279247
PRDX19606.ENSP00000246104
9606.ENSP00000361152
NCOA69606.ENSP00000325326
9606.ENSP00000351894
9606.ENSP00000311747
ALPI9606.ENSP00000295463
CCNK9606.ENSP00000374532
ACLY9606.ENSP00000370620
9606.ENSP00000351539
9606.ENSP00000311962
9606.ENSP00000296456
9606.ENSP00000262053
9606.ENSP00000307259
9606.ENSP00000219097
9606.ENSP00000264169
9606.ENSP00000219345
9606.ENSP00000315334
9606.ENSP00000371175
9606.ENSP00000304331
9606.ENSP00000285106
9606.ENSP00000363825
9606.ENSP00000360621
9606.ENSP00000325690
9606.ENSP00000264110
9606.ENSP00000253792
9606.ENSP00000286639
9606.ENSP00000321835
9606.ENSP00000336790
9606.ENSP00000355954
9606.ENSP00000261740
9606.ENSP00000260600
9606.ENSP00000257789
9606.ENSP00000245541
9606.ENSP00000371152
9606.ENSP00000263317
9606.ENSP00000371565
9606.ENSP00000307356
9606.ENSP00000354394
9606.ENSP00000228434
9606.ENSP00000297431
9606.ENSP00000337838
9606.ENSP00000266214
9606.ENSP00000234296
9606.ENSP00000231504
NR0B29606.ENSP00000254227
9606.ENSP00000363822
PRB19606.ENSP00000240636
9606.ENSP00000362768
HTR3A9606.ENSP00000347754
GJA89606.ENSP00000358238
GCNT29606.ENSP00000265012
MT2A9606.ENSP00000245185
IL12B9606.ENSP00000228534
9606.ENSP00000231228
E2F19606.ENSP00000260810
9606.ENSP00000333602
9606.ENSP00000352925
9606.ENSP00000250454
9606.ENSP00000323670
9606.ENSP00000302886
9606.ENSP00000345571
9606.ENSP00000267163
9606.ENSP00000287394
9606.ENSP00000250024
9606.ENSP00000323246
9606.ENSP00000348523
9606.ENSP00000354313
HTR1B9606.ENSP00000257763
PPARG9606.ENSP00000357341
9606.ENSP00000264867
9606.ENSP00000293771
9606.ENSP00000355712
9606.ENSP00000224073
9606.ENSP00000252889
9606.ENSP00000287820
9606.ENSP00000267568
NR5A29606.ENSP00000356331
ACSL69606.ENSP00000368551
PKHD19606.ENSP00000360158
PAK29606.ENSP00000314067
9606.ENSP00000336923
9606.ENSP00000353864
9606.ENSP00000359552
ARSG9606.ENSP00000347310
GPAM9606.ENSP00000265276
PPAT9606.ENSP00000163059
9606.ENSP00000264220
BGLAP9606.ENSP00000357259
MFGE89606.ENSP00000268150
LAMB19606.ENSP00000222399
CD809606.ENSP00000303939
9606.ENSP00000264246
CD1609606.ENSP00000235933
CHIA9606.ENSP00000341828
CES19606.ENSP00000353720
HTR69606.ENSP00000289753
ACSL19606.ENSP00000281455
FSCN19606.ENSP00000371798
CDS19606.ENSP00000295887
9606.ENSP00000372023
ABCC29606.ENSP00000359478
DRB19606.ENSP00000364114
9606.ENSP00000286070
9606.ENSP00000353099
9606.ENSP00000372606
9606.ENSP00000339469
AGXT9606.ENSP00000302620
CEBPB9606.ENSP00000253024
9606.ENSP00000299663
9606.ENSP00000360707
9606.ENSP00000345341
IL2RB9606.ENSP00000216223
CMPK9606.ENSP00000360939
KCNN49606.ENSP00000262888
DSG49606.ENSP00000352785
RHOJ9606.ENSP00000316729
ERCC19606.ENSP00000013807
CD389606.ENSP00000226279
9606.ENSP00000312309
GNRH19606.ENSP00000238647
9606.ENSP00000276414
PKLR9606.ENSP00000271946
STAT39606.ENSP00000356063
9606.ENSP00000351935
9606.ENSP00000371189
9606.ENSP00000320940
9606.ENSP00000005286
9606.ENSP00000304769
9606.ENSP00000222139
9606.ENSP00000350967
9606.ENSP00000263379
9606.ENSP00000317289
9606.ENSP00000330659
9606.ENSP00000366234
9606.ENSP00000370979
9606.ENSP00000264657
9606.ENSP00000369312
OLR19606.ENSP00000309124
KITLG9606.ENSP00000228280
